,size,error
0,6,0.20959948887467336
1,7,0.22570448489807995
2,8,0.24925678171530097
