,size,error
0,6,0.14965389259971767
1,7,0.14903683740596885
2,8,0.149847670114223
