,size,error
0,6,0.16086897409679463
1,7,0.16317617131629517
2,8,0.16968174043874937
